variant,task,model,rmse,mae,r2,spearman,hit_at_1,hit_at_5,mrr,accuracy,balanced_accuracy,precision,recall,f1,roc_auc,pr_auc
Original 15 features,regression,ridge,0.22965339105356014,0.14738857904921498,0.3785229958043026,0.30347683930863356,0.9069767441860465,0.9534883720930233,0.9274363233665558,,,,,,,
Original 15 features,regression,random_forest,0.2280063525560268,0.12160051634547822,0.3874053032565786,0.22392320697439397,0.872093023255814,0.9418604651162791,0.9036316017164169,,,,,,,
Original 15 features,regression,gradient_boosting,0.22550848857536715,0.12164455401470407,0.4007540233859316,0.2862839246622085,0.9069767441860465,0.9651162790697675,0.9276398491514769,,,,,,,
Original 15 features,classification,logistic,,,,,0.9069767441860465,0.9651162790697675,0.9275747508305648,0.941038062283737,0.7967318842900126,0.6483660130718955,0.6238993710691824,0.6358974358974359,0.9390909223883794,0.704204127327398
Original 15 features,classification,knn,,,,,0.9069767441860465,0.9534883720930233,0.9238002953119231,0.9297231833910035,0.7794999547346919,0.5706304868316041,0.59958071278826,0.5847474953997137,0.9111475684622959,0.6182022394923954
Original 15 features,classification,gradient_boosting,,,,,0.872093023255814,0.9534883720930233,0.9039970930232557,0.9296193771626298,0.7979496594427979,0.564927857935627,0.640251572327044,0.6002358490566038,0.9246867186051486,0.6492341817840249
+ context features,regression,ridge,0.20343778518085753,0.1394868961749523,0.5123114306774686,0.6413326034512914,0.8837209302325582,0.9534883720930233,0.9137412329272795,,,,,,,
+ context features,regression,random_forest,0.15898567946708708,0.05807145915233132,0.7021515440944485,0.7506103568896251,0.9069767441860465,0.9186046511627907,0.9152087566127752,,,,,,,
+ context features,regression,gradient_boosting,0.15849732783015233,0.061612362783122945,0.7039785185351627,0.6095854130689321,0.8488372093023255,0.9418604651162791,0.8939701505876593,,,,,,,
+ context features,classification,logistic,,,,,0.9186046511627907,0.9418604651162791,0.9304792517204561,0.9563321799307959,0.8872957081767332,0.7068139963167588,0.8046121593291404,0.7525490196078432,0.9754954890847354,0.8198228557271505
+ context features,classification,knn,,,,,0.9186046511627907,0.9418604651162791,0.9309825833081647,0.9477854671280277,0.872526290446727,0.6533613445378151,0.7823899371069183,0.7120778477389811,0.9682229788842279,0.7612135388449197
+ context features,classification,gradient_boosting,,,,,0.9186046511627907,0.9418604651162791,0.9258967367438161,0.9523875432525951,0.8761790229097806,0.6844606946983547,0.7849056603773585,0.73125,0.9724017535266419,0.7921263178063704
+ output smoothing,regression,ridge,0.19686622385714048,0.13412275985512578,0.5433097282445192,0.6784721515424096,0.9302325581395349,0.9418604651162791,0.940691172522568,,,,,,,
+ output smoothing,regression,random_forest,0.15418875472223456,0.060155897452061804,0.719853797164308,0.764734385556902,0.9186046511627907,0.9418604651162791,0.9296447032085667,,,,,,,
+ output smoothing,regression,gradient_boosting,0.156221108236732,0.06278958846220274,0.7124199418637126,0.644127628968444,0.9069767441860465,0.9418604651162791,0.923797804164065,,,,,,,
+ output smoothing,classification,logistic,,,,,0.9302325581395349,0.9418604651162791,0.9356083717264572,0.9567474048442907,0.8837062680789443,0.713105520090124,0.7962264150943397,0.7523771790808241,0.9759316173630608,0.8188406778193051
+ output smoothing,classification,knn,,,,,0.9069767441860465,0.9418604651162791,0.9285494430330271,0.9505190311418685,0.8824106128764582,0.6666666666666666,0.80083857442348,0.7276190476190476,0.9757698008049713,0.7637736465920245
+ output smoothing,classification,gradient_boosting,,,,,0.9186046511627907,0.9418604651162791,0.9254878664449081,0.9532871972318339,0.8722812252548002,0.6943297033420954,0.7752620545073375,0.7325673534072901,0.9728818978696051,0.7913191060420232
