alpha,hit_at_1,hit_at_5,mrr
0.0,0.9069767441860465,0.9186046511627907,0.9197619047619047
0.1,0.8953488372093024,0.9302325581395349,0.9117295387644225
0.2,0.8953488372093024,0.9418604651162791,0.915136075685588
0.3,0.8837209302325582,0.9534883720930233,0.9119199442717821
0.4,0.8837209302325582,0.9534883720930233,0.9158361018826134
0.5,0.8953488372093024,0.9767441860465116,0.9263565891472867
0.6,0.872093023255814,0.9651162790697675,0.9128286973704209
0.7,0.8604651162790697,0.9418604651162791,0.9044347125742473
0.8,0.7441860465116279,0.9302325581395349,0.8262601887601888
0.9,0.6627906976744186,0.8837209302325582,0.7529950669485552
1.0,0.6046511627906976,0.8488372093023255,0.7116125261474099
