fold_video,model,threshold,accuracy,balanced_accuracy,precision,recall,f1,roc_auc,pr_auc
a-remote-possibility,dummy,0.5,0.9401666666666667,0.5,0.0,0.0,0.0,0.5,0.059833333333333336
a-remote-possibility,logistic,0.839106960192307,0.9583333333333334,0.8422122354291279,0.6359102244389028,0.7103064066852368,0.6710526315789473,0.9488237481352948,0.7346746952376491
a-remote-possibility,knn,0.25165562913907286,0.942,0.789185721925477,0.5127610208816705,0.6155988857938719,0.5594936708860759,0.9307823392106835,0.6531212943598721
a-remote-possibility,gradient_boosting,0.8097643658378302,0.9476666666666667,0.8182817898602501,0.551487414187643,0.6713091922005571,0.6055276381909548,0.9474302497779143,0.6675675854403789
administrator-chats-astronauts,dummy,0.5,0.8829545454545454,0.5,0.0,0.0,0.0,0.5,0.11704545454545455
administrator-chats-astronauts,logistic,0.8779161089868079,0.9085227272727273,0.7376547837712886,0.6347305389221557,0.5145631067961165,0.5683646112600537,0.8976771501043346,0.6286160443019067
administrator-chats-astronauts,knn,0.2251655629139073,0.8806818181818182,0.7450487935924829,0.49159663865546216,0.5679611650485437,0.527027027027027,0.8633435793629969,0.5390815428772301
administrator-chats-astronauts,gradient_boosting,0.7699738266656637,0.9045454545454545,0.7627731753945346,0.595,0.5776699029126213,0.5862068965517241,0.8967743749297148,0.6313236431534532
commercial-crew-milestone,dummy,0.5,0.9040404040404041,0.5,0.0,0.0,0.0,0.5,0.09595959595959595
commercial-crew-milestone,logistic,0.8475835302348875,0.9191919191919192,0.796530432225816,0.5697674418604651,0.6447368421052632,0.6049382716049383,0.9338858669018915,0.6915948341215082
commercial-crew-milestone,knn,0.2251655629139073,0.9120370370370371,0.7847324316377535,0.5355805243445693,0.6271929824561403,0.5777777777777777,0.8840312489790584,0.6338971748022072
commercial-crew-milestone,gradient_boosting,0.7357016329406044,0.9074074074074074,0.8056944036067824,0.5132450331125827,0.6798245614035088,0.5849056603773585,0.9054067022771081,0.6774946092550062
cosmic-phenomenon,dummy,0.5,0.8255102040816327,0.5,0.0,0.0,0.0,0.5,0.17448979591836736
cosmic-phenomenon,logistic,0.8441245745586097,0.8877551020408163,0.7360108140148476,0.7747747747747747,0.5029239766081871,0.6099290780141844,0.9317546028234989,0.754962687322454
cosmic-phenomenon,knn,0.2119205298013245,0.889795918367347,0.7649180635973948,0.7368421052631579,0.5730994152046783,0.6447368421052632,0.9219272945445608,0.7704454916664989
cosmic-phenomenon,gradient_boosting,0.8067098641561327,0.9081632653061225,0.7575954719927136,0.9090909090909091,0.5263157894736842,0.6666666666666666,0.9340171607428129,0.8233994489994649
hubble-exoplanet,dummy,0.5,0.8804112554112554,0.5,0.0,0.0,0.0,0.5,0.11958874458874459
hubble-exoplanet,logistic,0.8618950966433863,0.9291125541125541,0.8150622832462378,0.7205882352941176,0.665158371040724,0.691764705882353,0.9484212956138912,0.7708366274125608
hubble-exoplanet,knn,0.2251655629139073,0.9242424242424242,0.7810143867485058,0.7237569060773481,0.5927601809954751,0.6517412935323383,0.9268675935222086,0.7294362066603391
hubble-exoplanet,gradient_boosting,0.8389100748349113,0.9274891774891775,0.769172365650908,0.7701863354037267,0.5610859728506787,0.6492146596858639,0.9423000442198533,0.7512724789829182
mars-mission-briefed,dummy,0.5,0.9027777777777778,0.5,0.0,0.0,0.0,0.5,0.09722222222222222
mars-mission-briefed,logistic,0.8746425522464182,0.9451058201058201,0.7601779173207746,0.8478260869565217,0.5306122448979592,0.6527196652719666,0.9510951633400613,0.7840871931020912
mars-mission-briefed,knn,0.26490066225165565,0.9365079365079365,0.7705913134484563,0.7217391304347827,0.564625850340136,0.6335877862595419,0.9310832025117739,0.7222793471921372
mars-mission-briefed,gradient_boosting,0.811765641507049,0.9424603174603174,0.825484039769754,0.7142857142857143,0.6802721088435374,0.6968641114982579,0.954234880765493,0.7773492374955691
new-explorers-new-roadmap,dummy,0.5,0.8996913580246914,0.5,0.0,0.0,0.0,0.5,0.10030864197530864
new-explorers-new-roadmap,logistic,0.8329579320265387,0.9552469135802469,0.8264744689272991,0.8564356435643564,0.6653846153846154,0.7489177489177489,0.947305053437129,0.8206332753639434
new-explorers-new-roadmap,knn,0.23178807947019867,0.9444444444444444,0.7845889959097506,0.8085106382978723,0.5846153846153846,0.6785714285714286,0.9360040902493731,0.7847928564376723
new-explorers-new-roadmap,gradient_boosting,0.8029948352409402,0.9475308641975309,0.7999736112943661,0.8163265306122449,0.6153846153846154,0.7017543859649122,0.9388474732814355,0.7836825100467528
smoke-and-fire,dummy,0.5,0.8958916900093371,0.5,0.0,0.0,0.0,0.5,0.10410830999066294
smoke-and-fire,logistic,0.8502226062242833,0.9565826330532213,0.8271486223439432,0.891566265060241,0.6636771300448431,0.7609254498714653,0.9766250639696964,0.9069290371622599
smoke-and-fire,knn,0.2251655629139073,0.9589169000933707,0.8423225848664639,0.8857142857142857,0.695067264573991,0.7788944723618091,0.9497975169242203,0.8452005915571116
smoke-and-fire,gradient_boosting,0.7895573693256611,0.9575163398692811,0.8554121284207722,0.84375,0.726457399103139,0.7807228915662651,0.9614172179549794,0.8805749966541487
this-week-at-nasa,dummy,0.5,0.9411764705882353,0.5,0.0,0.0,0.0,0.5,0.058823529411764705
this-week-at-nasa,logistic,0.8386181953394133,0.9413828689370485,0.7862938596491228,0.5014409221902018,0.6105263157894737,0.5506329113924051,0.9310553247152968,0.6234116060924764
this-week-at-nasa,knn,0.26490066225165565,0.928998968008256,0.7649122807017543,0.4241645244215938,0.5789473684210527,0.4896142433234421,0.899381732840874,0.5003610915738064
this-week-at-nasa,gradient_boosting,0.7797313933825666,0.9270381836945304,0.765515350877193,0.41448189762796506,0.5824561403508772,0.48431801604668123,0.9047527123730379,0.5141360581168234
