task,model,n_train_videos,score
regression,ridge,1,0.22993540397212783
regression,ridge,1,0.2272648584139218
regression,ridge,2,0.2237818353624348
regression,ridge,2,0.21334258828910965
regression,ridge,4,0.200158418242584
regression,ridge,4,0.21552911582368298
regression,ridge,6,0.2193332407273385
regression,ridge,6,0.21649231028941693
regression,random_forest,1,0.2355966266333122
regression,random_forest,1,0.2015868680239164
regression,random_forest,2,0.19900234338765863
regression,random_forest,2,0.2249971676364842
regression,random_forest,4,0.22830125449288657
regression,random_forest,4,0.2247213986588124
regression,random_forest,6,0.19965353799255794
regression,random_forest,6,0.21819733932798707
regression,gradient_boosting,1,0.2248131703413801
regression,gradient_boosting,1,0.2248131703413801
regression,gradient_boosting,2,0.22709131213187816
regression,gradient_boosting,2,0.20368251918434174
regression,gradient_boosting,4,0.19399232176102627
regression,gradient_boosting,4,0.21108934158878934
regression,gradient_boosting,6,0.21675747984460972
regression,gradient_boosting,6,0.21675747984460972
classification,logistic,1,0.624628327425
classification,logistic,1,0.7038954414446544
classification,logistic,2,0.706319199460145
classification,logistic,2,0.7163985236856965
classification,logistic,4,0.7183027825107541
classification,logistic,4,0.7412060222522332
classification,logistic,6,0.7280712320887015
classification,logistic,6,0.7367127288196689
classification,knn,1,0.6261085313799069
classification,knn,1,0.6175515428306723
classification,knn,2,0.6358695833460108
classification,knn,2,0.6157452505282464
classification,knn,4,0.6314102979867551
classification,knn,4,0.6305754549807685
classification,knn,6,0.6372978972338718
classification,knn,6,0.6322109458267609
classification,gradient_boosting,1,0.4940614832440278
classification,gradient_boosting,1,0.4574222064610878
classification,gradient_boosting,2,0.5815562852942587
classification,gradient_boosting,2,0.6609850246166543
classification,gradient_boosting,4,0.616098723656985
classification,gradient_boosting,4,0.6065107827018822
classification,gradient_boosting,6,0.6516599601151036
classification,gradient_boosting,6,0.6273425044815099
regression,ridge,1,0.2973252884589799
regression,ridge,1,0.28262041571116414
regression,ridge,2,0.2893264933638384
regression,ridge,2,0.28458459366377314
regression,ridge,4,0.2740025160544192
regression,ridge,4,0.2734083988714022
regression,ridge,6,0.2752530384712573
regression,ridge,6,0.27539215793087995
regression,random_forest,1,0.3039557381018974
regression,random_forest,1,0.2801866194632391
regression,random_forest,2,0.29392791802513446
regression,random_forest,2,0.2754473785747504
regression,random_forest,4,0.26873805864640915
regression,random_forest,4,0.27080245333332814
regression,random_forest,6,0.2691134291734872
regression,random_forest,6,0.2688421535076878
regression,gradient_boosting,1,0.31796894970052647
regression,gradient_boosting,1,0.34133357145595006
regression,gradient_boosting,2,0.27657553848859
regression,gradient_boosting,2,0.27205361930949745
regression,gradient_boosting,4,0.2719060939227704
regression,gradient_boosting,4,0.2611239359535764
regression,gradient_boosting,6,0.2685498250688128
regression,gradient_boosting,6,0.2719918647115855
classification,logistic,1,0.6563376423987284
classification,logistic,1,0.4635961805195869
classification,logistic,2,0.4338084982047048
classification,logistic,2,0.6226421948539856
classification,logistic,4,0.5936239493487173
classification,logistic,4,0.6360855588434656
classification,logistic,6,0.636753500436881
classification,logistic,6,0.6261320162495242
classification,knn,1,0.4956291250314636
classification,knn,1,0.5776642593058126
classification,knn,2,0.5403451743472901
classification,knn,2,0.5760247723595722
classification,knn,4,0.5265300287508712
classification,knn,4,0.5657521428076819
classification,knn,6,0.554684957461612
classification,knn,6,0.5264141620875984
classification,gradient_boosting,1,0.48083088436888854
classification,gradient_boosting,1,0.5482071415070287
classification,gradient_boosting,2,0.5586558516897389
classification,gradient_boosting,2,0.6211130112309338
classification,gradient_boosting,4,0.6022080362296915
classification,gradient_boosting,4,0.6207468560123944
classification,gradient_boosting,6,0.6570866756470132
classification,gradient_boosting,6,0.6431041940625669
regression,ridge,1,0.2588806533445412
regression,ridge,1,0.2588806533445412
regression,ridge,2,0.23937370600799562
regression,ridge,2,0.23937370600799562
regression,ridge,4,0.23957660582128218
regression,ridge,4,0.23219130612874214
regression,ridge,6,0.23372942037373579
regression,ridge,6,0.23697502340675958
regression,random_forest,1,0.3078422897798492
regression,random_forest,1,0.24588935601224013
regression,random_forest,2,0.24523085002875952
regression,random_forest,2,0.25456957251880596
regression,random_forest,4,0.2466930842061641
regression,random_forest,4,0.2466930842061641
regression,random_forest,6,0.23401518197110133
regression,random_forest,6,0.24181472711484628
regression,gradient_boosting,1,0.2630181840993563
regression,gradient_boosting,1,0.2926336554334404
regression,gradient_boosting,2,0.23949996258149334
regression,gradient_boosting,2,0.24748727290900602
regression,gradient_boosting,4,0.23540996267618658
regression,gradient_boosting,4,0.23283803341745343
regression,gradient_boosting,6,0.2341243218808873
regression,gradient_boosting,6,0.2342308729906475
classification,logistic,1,0.46483310943548395
classification,logistic,1,0.6696033794271721
classification,logistic,2,0.641344001004718
classification,logistic,2,0.6706448070568614
classification,logistic,4,0.6757693620511591
classification,logistic,4,0.6946070968913683
classification,logistic,6,0.6910852618705883
classification,logistic,6,0.6859057301427206
classification,knn,1,0.6162549451308694
classification,knn,1,0.6383029340110391
classification,knn,2,0.6421169997465844
classification,knn,2,0.6449592784800323
classification,knn,4,0.5925361793831174
classification,knn,4,0.6213160310362771
classification,knn,6,0.6381430775648499
classification,knn,6,0.6253216894941103
classification,gradient_boosting,1,0.5922702985554723
classification,gradient_boosting,1,0.5517238403465967
classification,gradient_boosting,2,0.6382861029026176
classification,gradient_boosting,2,0.6560290249544393
classification,gradient_boosting,4,0.6632537303553067
classification,gradient_boosting,4,0.64516527175303
classification,gradient_boosting,6,0.6730602450091965
classification,gradient_boosting,6,0.6821611847434161
regression,ridge,1,0.29597135735399555
regression,ridge,1,0.29698715352572225
regression,ridge,2,0.29549123113175163
regression,ridge,2,0.29549123113175163
regression,ridge,4,0.3363463288977483
regression,ridge,4,0.33140129068169605
regression,ridge,6,0.32187941836764516
regression,ridge,6,0.30407456688419143
regression,random_forest,1,0.29067746241758796
regression,random_forest,1,0.2982101304699369
regression,random_forest,2,0.35032154245556707
regression,random_forest,2,0.3512305165898052
regression,random_forest,4,0.33434029612653476
regression,random_forest,4,0.278584845662394
regression,random_forest,6,0.29672295659022024
regression,random_forest,6,0.33310127435346304
regression,gradient_boosting,1,0.33567557060571135
regression,gradient_boosting,1,0.28262482417277973
regression,gradient_boosting,2,0.26551288623918246
regression,gradient_boosting,2,0.32265292428529396
regression,gradient_boosting,4,0.29729415870675124
regression,gradient_boosting,4,0.32636378003979527
regression,gradient_boosting,6,0.2861010901162674
regression,gradient_boosting,6,0.3069703104247835
classification,logistic,1,0.6461091787121784
classification,logistic,1,0.7039814612549453
classification,logistic,2,0.7380267709147175
classification,logistic,2,0.721868880280524
classification,logistic,4,0.7471715140617027
classification,logistic,4,0.7463715951825837
classification,logistic,6,0.7537299627201883
classification,logistic,6,0.7507219052991854
classification,knn,1,0.695723038446662
classification,knn,1,0.7207288690718467
classification,knn,2,0.7243798616808389
classification,knn,2,0.7417020792153814
classification,knn,4,0.757926680333129
classification,knn,4,0.7268771939372778
classification,knn,6,0.7721028838977333
classification,knn,6,0.7608933748569475
classification,gradient_boosting,1,0.7849800147714348
classification,gradient_boosting,1,0.7896711247459086
classification,gradient_boosting,2,0.8473351667965445
classification,gradient_boosting,2,0.7255631014673332
classification,gradient_boosting,4,0.7310739333835405
classification,gradient_boosting,4,0.7936713395767597
classification,gradient_boosting,6,0.834352031960069
classification,gradient_boosting,6,0.7473033767421078
regression,ridge,1,0.27797353140887243
regression,ridge,1,0.26872920548361884
regression,ridge,2,0.26456090594352555
regression,ridge,2,0.25618720996454714
regression,ridge,4,0.24727883730566735
regression,ridge,4,0.2554293276890078
regression,ridge,6,0.25165396276914764
regression,ridge,6,0.2577654868693855
regression,random_forest,1,0.29211521620436814
regression,random_forest,1,0.29211521620436814
regression,random_forest,2,0.25878491323723934
regression,random_forest,2,0.275552066744933
regression,random_forest,4,0.2605680198545443
regression,random_forest,4,0.2633491620726193
regression,random_forest,6,0.2578282607886408
regression,random_forest,6,0.24986770615246484
regression,gradient_boosting,1,0.24840454709674914
regression,gradient_boosting,1,0.2908909934622533
regression,gradient_boosting,2,0.2532921585738982
regression,gradient_boosting,2,0.24569511133954514
regression,gradient_boosting,4,0.24353737326507374
regression,gradient_boosting,4,0.25495363947925226
regression,gradient_boosting,6,0.25983226430261913
regression,gradient_boosting,6,0.2477511246161779
classification,logistic,1,0.7589610411572961
classification,logistic,1,0.7416564153140885
classification,logistic,2,0.7682076585559596
classification,logistic,2,0.7641683860488154
classification,logistic,4,0.7614322436176084
classification,logistic,4,0.7614322436176084
classification,logistic,6,0.7740565447689449
classification,logistic,6,0.7618376998331017
classification,knn,1,0.7130068869850635
classification,knn,1,0.7163365789038529
classification,knn,2,0.7189440263618397
classification,knn,2,0.7084214131266425
classification,knn,4,0.7152693162112757
classification,knn,4,0.7128825683145946
classification,knn,6,0.7334601757164871
classification,knn,6,0.7088439267940081
classification,gradient_boosting,1,0.6771556715241557
classification,gradient_boosting,1,0.6831133166839198
classification,gradient_boosting,2,0.7050722115712317
classification,gradient_boosting,2,0.6870029898442964
classification,gradient_boosting,4,0.7364141957146851
classification,gradient_boosting,4,0.7583204730786104
classification,gradient_boosting,6,0.7575233679356441
classification,gradient_boosting,6,0.7678721578058801
regression,ridge,1,0.25417777259747554
regression,ridge,1,0.2504134970225929
regression,ridge,2,0.2582471362000546
regression,ridge,2,0.23776824036501115
regression,ridge,4,0.2366938538168294
regression,ridge,4,0.23853586175828181
regression,ridge,6,0.24669501346455203
regression,ridge,6,0.24669501346455203
regression,random_forest,1,0.2562035120810403
regression,random_forest,1,0.24226743701723513
regression,random_forest,2,0.24204473269577437
regression,random_forest,2,0.25391644633974003
regression,random_forest,4,0.23324020052141
regression,random_forest,4,0.23473498049767041
regression,random_forest,6,0.22999706567498499
regression,random_forest,6,0.22634940047561847
regression,gradient_boosting,1,0.24342793808357485
regression,gradient_boosting,1,0.25011758090969255
regression,gradient_boosting,2,0.24090046675179638
regression,gradient_boosting,2,0.2391476474652776
regression,gradient_boosting,4,0.2358862701547708
regression,gradient_boosting,4,0.2359880984899921
regression,gradient_boosting,6,0.23658770911119073
regression,gradient_boosting,6,0.2323150661822868
classification,logistic,1,0.7694237080394215
classification,logistic,1,0.5356027637343882
classification,logistic,2,0.7749697031466518
classification,logistic,2,0.5860524593685515
classification,logistic,4,0.7568533300247147
classification,logistic,4,0.7436945073868797
classification,logistic,6,0.7927091861494662
classification,logistic,6,0.7804884008678988
classification,knn,1,0.7305185184305348
classification,knn,1,0.7138086963531772
classification,knn,2,0.7058770127557472
classification,knn,2,0.6666067166990204
classification,knn,4,0.7371255063273181
classification,knn,4,0.7164050824126118
classification,knn,6,0.7005614814554583
classification,knn,6,0.739768645873407
classification,gradient_boosting,1,0.6487948434931116
classification,gradient_boosting,1,0.6685732933287954
classification,gradient_boosting,2,0.7366321357286545
classification,gradient_boosting,2,0.7143855289463369
classification,gradient_boosting,4,0.787781870013103
classification,gradient_boosting,4,0.7169773481810826
classification,gradient_boosting,6,0.7710186847769468
classification,gradient_boosting,6,0.7856408845617416
regression,ridge,1,0.23527394004484398
regression,ridge,1,0.23542599518798513
regression,ridge,2,0.23433147715276856
regression,ridge,2,0.23433147715276856
regression,ridge,4,0.24390412388689048
regression,ridge,4,0.2264513105234425
regression,ridge,6,0.23492463946910225
regression,ridge,6,0.23574663746424065
regression,random_forest,1,0.30094095074038674
regression,random_forest,1,0.2442809054499674
regression,random_forest,2,0.238458320603689
regression,random_forest,2,0.23233699759845886
regression,random_forest,4,0.22841809321681508
regression,random_forest,4,0.2319933820618818
regression,random_forest,6,0.23097130229746646
regression,random_forest,6,0.2267684078507099
regression,gradient_boosting,1,0.251532145126527
regression,gradient_boosting,1,0.22361228704851188
regression,gradient_boosting,2,0.24397221701224556
regression,gradient_boosting,2,0.23695608123207332
regression,gradient_boosting,4,0.22781366036545728
regression,gradient_boosting,4,0.22122647886052305
regression,gradient_boosting,6,0.2220198425896599
regression,gradient_boosting,6,0.2225963250323074
classification,logistic,1,0.8374338252907119
classification,logistic,1,0.6103556379776691
classification,logistic,2,0.8053306394502665
classification,logistic,2,0.7797737099631505
classification,logistic,4,0.8119413532356156
classification,logistic,4,0.8128699093665915
classification,logistic,6,0.8203840454810168
classification,logistic,6,0.8222659744073404
classification,knn,1,0.7718377683164073
classification,knn,1,0.7718377683164073
classification,knn,2,0.7528776118114836
classification,knn,2,0.7669632683104826
classification,knn,4,0.7827852406111311
classification,knn,4,0.7775709989172124
classification,knn,6,0.7734351881216479
classification,knn,6,0.7798347463461955
classification,gradient_boosting,1,0.6233151116875923
classification,gradient_boosting,1,0.7129530175712422
classification,gradient_boosting,2,0.7493960025635379
classification,gradient_boosting,2,0.7640476706964429
classification,gradient_boosting,4,0.7785983614698039
classification,gradient_boosting,4,0.7434664887349979
classification,gradient_boosting,6,0.7860602283944471
classification,gradient_boosting,6,0.7833520539207979
regression,ridge,1,0.2373242269660475
regression,ridge,1,0.24907686731392764
regression,ridge,2,0.2307575490768397
regression,ridge,2,0.23140607952153394
regression,ridge,4,0.21701661455881757
regression,ridge,4,0.2248098655187273
regression,ridge,6,0.2331627193413793
regression,ridge,6,0.23313197597073196
regression,random_forest,1,0.249622718739102
regression,random_forest,1,0.23118810504314666
regression,random_forest,2,0.2123536035560388
regression,random_forest,2,0.2161458371932663
regression,random_forest,4,0.221448052729647
regression,random_forest,4,0.2202752041582974
regression,random_forest,6,0.20711227543933874
regression,random_forest,6,0.21285337545074604
regression,gradient_boosting,1,0.25422674398338346
regression,gradient_boosting,1,0.2321930669529378
regression,gradient_boosting,2,0.2117041353214954
regression,gradient_boosting,2,0.2117041353214954
regression,gradient_boosting,4,0.2187088166020816
regression,gradient_boosting,4,0.21886037526796304
regression,gradient_boosting,6,0.2116181049511892
regression,gradient_boosting,6,0.21849405298837776
classification,logistic,1,0.8813083659594579
classification,logistic,1,0.831976690585999
classification,logistic,2,0.9027770020041103
classification,logistic,2,0.8939364617185397
classification,logistic,4,0.8991658516347619
classification,logistic,4,0.9024325127032707
classification,logistic,6,0.9068095270106569
classification,logistic,6,0.9081315671360258
classification,knn,1,0.8296433001852835
classification,knn,1,0.8159555040493696
classification,knn,2,0.834389086375583
classification,knn,2,0.7984579132365976
classification,knn,4,0.8496314422836833
classification,knn,4,0.8258612800905991
classification,knn,6,0.842386636748192
classification,knn,6,0.8348857004585054
classification,gradient_boosting,1,0.6762223337027904
classification,gradient_boosting,1,0.7276968485741345
classification,gradient_boosting,2,0.7585620026075658
classification,gradient_boosting,2,0.7635926241244008
classification,gradient_boosting,4,0.8655988171971081
classification,gradient_boosting,4,0.8558615390336063
classification,gradient_boosting,6,0.8696387692485359
classification,gradient_boosting,6,0.8966870338406204
regression,ridge,1,0.24277979321184057
regression,ridge,1,0.24277979321184057
regression,ridge,2,0.23270901341786082
regression,ridge,2,0.2573274795787741
regression,ridge,4,0.24251810393368223
regression,ridge,4,0.21441007848845572
regression,ridge,6,0.21538030052142318
regression,ridge,6,0.21344503214576488
regression,random_forest,1,0.3556778571194283
regression,random_forest,1,0.2473288799756525
regression,random_forest,2,0.24499862933594282
regression,random_forest,2,0.2765891025332717
regression,random_forest,4,0.24186924997480921
regression,random_forest,4,0.2526538401199736
regression,random_forest,6,0.2474101653494238
regression,random_forest,6,0.24196672157359894
regression,gradient_boosting,1,0.25638198195523176
regression,gradient_boosting,1,0.20849026350136657
regression,gradient_boosting,2,0.2093513442903363
regression,gradient_boosting,2,0.2551144591249029
regression,gradient_boosting,4,0.21629336303837193
regression,gradient_boosting,4,0.23608450997041244
regression,gradient_boosting,6,0.22078199835943918
regression,gradient_boosting,6,0.22078199835943918
classification,logistic,1,0.5196728277047302
classification,logistic,1,0.5973966448391795
classification,logistic,2,0.6236038773538963
classification,logistic,2,0.5653359504867701
classification,logistic,4,0.6154291246370389
classification,logistic,4,0.6331309690658029
classification,logistic,6,0.6161857132568237
classification,logistic,6,0.6325474818915809
classification,knn,1,0.49216134501632847
classification,knn,1,0.44174737118693835
classification,knn,2,0.4899031559071324
classification,knn,2,0.483106764546939
classification,knn,4,0.49041643795089873
classification,knn,4,0.49762665540924755
classification,knn,6,0.485359887343772
classification,knn,6,0.4888327475406875
classification,gradient_boosting,1,0.28798361070214606
classification,gradient_boosting,1,0.3683891823537073
classification,gradient_boosting,2,0.3509975165749114
classification,gradient_boosting,2,0.5407390406954056
classification,gradient_boosting,4,0.5132948884308681
classification,gradient_boosting,4,0.4280237211932319
classification,gradient_boosting,6,0.5301221519869086
classification,gradient_boosting,6,0.4985861268908314
