fold_video,model,rmse,mae,r2,spearman
a-remote-possibility,dummy,0.257692664001905,0.17120904194976014,-0.01806082319489799,0.0
a-remote-possibility,ridge,0.15689512765697797,0.10773465867285874,0.6226116158474115,0.6576425388264292
a-remote-possibility,random_forest,0.10994444971757664,0.04274078187987077,0.8146825845013854,0.7805775852881917
a-remote-possibility,gradient_boosting,0.11098062806778855,0.04654945784835389,0.8111730529964619,0.7317367271917964
administrator-chats-astronauts,dummy,0.3407241811199533,0.21424585855069375,-0.024587947778021757,0.0
administrator-chats-astronauts,ridge,0.23893907960417426,0.15433315763588518,0.496130926550195,0.5550651271597208
administrator-chats-astronauts,random_forest,0.22047625110926583,0.10534140327201244,0.570990448442226,0.8065519927130552
administrator-chats-astronauts,gradient_boosting,0.21818283235736055,0.10158915271406609,0.5798692390937844,0.7312205495290977
commercial-crew-milestone,dummy,0.3123075660582199,0.19626535015671717,-0.005651430985305961,0.0
commercial-crew-milestone,ridge,0.18633393001556564,0.12717187491164655,0.6420137448621721,0.8274202539564808
commercial-crew-milestone,random_forest,0.18795236635273976,0.08182418843666582,0.6357680320345391,0.8968734579672284
commercial-crew-milestone,gradient_boosting,0.18776890310383448,0.08594609516497326,0.6364787500522766,0.8229683994500558
cosmic-phenomenon,dummy,0.40319855064414795,0.26059726762359947,-0.08979034196616231,0.0
cosmic-phenomenon,ridge,0.24109100920138707,0.14626535144992925,0.610356837179227,0.7061791850614696
cosmic-phenomenon,random_forest,0.16722416358774883,0.0831833334605632,0.8125423816836741,0.9243103754214249
cosmic-phenomenon,gradient_boosting,0.17068222962413654,0.08445185480527818,0.8047092627384596,0.8862806172616686
hubble-exoplanet,dummy,0.34349222034491655,0.2155113660756034,-0.025697315325400094,0.0
hubble-exoplanet,ridge,0.20010352364871514,0.12469664684615109,0.6519073279809837,0.7009576943897565
hubble-exoplanet,random_forest,0.1482258909155215,0.06733098723658211,0.8089999209815413,0.9187263312956878
hubble-exoplanet,gradient_boosting,0.1440145673589914,0.0671430765134554,0.8196989498176858,0.8025976452398466
mars-mission-briefed,dummy,0.32051142944559813,0.20178114258578497,-0.015599109532874023,0.0
mars-mission-briefed,ridge,0.1969802996026197,0.1282297781363173,0.6163980054938338,0.6677741622699589
mars-mission-briefed,random_forest,0.1397658203488163,0.07833687919358866,0.8068755654909555,0.9676260119115621
mars-mission-briefed,gradient_boosting,0.13490498809497944,0.07890542235543842,0.8200750937144341,0.9079648663283574
new-explorers-new-roadmap,dummy,0.31657306806285684,0.19860069715458203,-0.00629050380299967,0.0
new-explorers-new-roadmap,ridge,0.17288553385591868,0.1036774343341994,0.6998815086786627,0.754521454792588
new-explorers-new-roadmap,random_forest,0.10969925862306291,0.04656390067043186,0.8791677593332845,0.9016578945849879
new-explorers-new-roadmap,gradient_boosting,0.11414973047863428,0.047667332522243554,0.8691646125783749,0.7199591755357818
smoke-and-fire,dummy,0.32424599951780736,0.20358185288252234,-0.012236024339655982,0.0
smoke-and-fire,ridge,0.16689129483359164,0.10200782974116245,0.7318363522731701,0.8251939643746674
smoke-and-fire,random_forest,0.129011308382045,0.059141845707201754,0.8397536686683482,0.9042198709881796
smoke-and-fire,gradient_boosting,0.12493422893805423,0.059215682089241266,0.84972199611121,0.7617622942636326
this-week-at-nasa,dummy,0.2537005789183167,0.17770486412037034,-0.052637168361436615,0.0
this-week-at-nasa,ridge,0.21850023925756845,0.1652278144594643,0.2192003355383716,0.5722905322937962
this-week-at-nasa,random_forest,0.17019160981924392,0.05474483457309133,0.5262905191824649,0.5879811094927138
this-week-at-nasa,gradient_boosting,0.17661210656802726,0.059419565525132396,0.48987486153600135,0.29358882804514025
