method,n_queries,hit_at_1,hit_at_1_lo,hit_at_1_hi,hit_at_5,hit_at_5_lo,hit_at_5_hi,mrr,mrr_lo,mrr_hi
Fixed-weight fusion,86.0,0.872093023255814,0.8023255813953488,0.9418604651162791,0.9651162790697675,0.9186046511627907,1.0,0.9128286973704209,0.861795105639155,0.9615723324213405
Picture only,86.0,0.6046511627906976,0.5,0.7093023255813954,0.8488372093023255,0.7674418604651163,0.9186046511627907,0.7116125261474099,0.6304593869201428,0.7914196505475575
Speech only,86.0,0.8953488372093024,0.8255813953488372,0.9534883720930233,0.9186046511627907,0.8604651162790697,0.9767441860465116,0.912904421160235,0.8573948749893519,0.9616504014396456
Regression: Ridge regression,86.0,0.9069767441860465,0.8372093023255814,0.9651162790697675,0.9534883720930233,0.9069767441860465,0.9883720930232558,0.9274363233665558,0.8752886212624587,0.971347245293466
Regression: Random forest,86.0,0.872093023255814,0.7906976744186046,0.9418604651162791,0.9418604651162791,0.8837209302325582,0.9883720930232558,0.9036316017164169,0.8457610169887871,0.952390180878553
Regression: Gradient boosting,86.0,0.9069767441860465,0.8372093023255814,0.9651162790697675,0.9651162790697675,0.9186046511627907,1.0,0.9307323541411667,0.8779327315381478,0.9709378824969399
Classification: Logistic regression,86.0,0.9069767441860465,0.8372093023255814,0.9651162790697675,0.9651162790697675,0.9186046511627907,1.0,0.9275747508305648,0.8748297342192691,0.9754983388704318
Classification: k-nearest neighbours,86.0,0.9069767441860465,0.8488372093023255,0.9651162790697675,0.9534883720930233,0.9069767441860465,0.9883720930232558,0.9238002953119231,0.87343623108158,0.971345514950166
Classification: Gradient boosting,86.0,0.8604651162790697,0.7790697674418605,0.9302325581395349,0.9418604651162791,0.8953488372093024,0.9883720930232558,0.8922772046395057,0.8289593168968934,0.9472923588039869
Random,86.0,0.08197674418604652,0.06627906976744186,0.09825581395348833,0.3715116279069768,0.3348837209302326,0.4087209302325581,0.23064288862657567,0.2106774226911813,0.2505041999640426
