fold_video,model,task,smooth_window,threshold
a-remote-possibility,ridge,regression,15,
a-remote-possibility,random_forest,regression,15,
a-remote-possibility,gradient_boosting,regression,15,
a-remote-possibility,logistic,classification,9,0.8232503647749037
a-remote-possibility,knn,classification,15,0.30507726269315677
a-remote-possibility,gradient_boosting,classification,3,0.8276224805203731
administrator-chats-astronauts,ridge,regression,15,
administrator-chats-astronauts,random_forest,regression,15,
administrator-chats-astronauts,gradient_boosting,regression,15,
administrator-chats-astronauts,logistic,classification,5,0.8776190585707095
administrator-chats-astronauts,knn,classification,15,0.28211920529801326
administrator-chats-astronauts,gradient_boosting,classification,9,0.7765990307370522
commercial-crew-milestone,ridge,regression,15,
commercial-crew-milestone,random_forest,regression,15,
commercial-crew-milestone,gradient_boosting,regression,15,
commercial-crew-milestone,logistic,classification,1,0.7968824128677275
commercial-crew-milestone,knn,classification,15,0.2838852097130243
commercial-crew-milestone,gradient_boosting,classification,3,0.8514027904827958
cosmic-phenomenon,ridge,regression,15,
cosmic-phenomenon,random_forest,regression,15,
cosmic-phenomenon,gradient_boosting,regression,15,
cosmic-phenomenon,logistic,classification,1,0.8349489287689306
cosmic-phenomenon,knn,classification,15,0.2772626931567329
cosmic-phenomenon,gradient_boosting,classification,9,0.7938721647380524
hubble-exoplanet,ridge,regression,15,
hubble-exoplanet,random_forest,regression,15,
hubble-exoplanet,gradient_boosting,regression,15,
hubble-exoplanet,logistic,classification,1,0.8179540141255571
hubble-exoplanet,knn,classification,15,0.30684326710816784
hubble-exoplanet,gradient_boosting,classification,1,0.8663636357403816
mars-mission-briefed,ridge,regression,15,
mars-mission-briefed,random_forest,regression,15,
mars-mission-briefed,gradient_boosting,regression,15,
mars-mission-briefed,logistic,classification,5,0.8301688352525766
mars-mission-briefed,knn,classification,15,0.2763796909492274
mars-mission-briefed,gradient_boosting,classification,3,0.8097035051305124
new-explorers-new-roadmap,ridge,regression,15,
new-explorers-new-roadmap,random_forest,regression,15,
new-explorers-new-roadmap,gradient_boosting,regression,15,
new-explorers-new-roadmap,logistic,classification,1,0.8163154677800143
new-explorers-new-roadmap,knn,classification,15,0.2781456953642384
new-explorers-new-roadmap,gradient_boosting,classification,1,0.8637340007410447
smoke-and-fire,ridge,regression,15,
smoke-and-fire,random_forest,regression,15,
smoke-and-fire,gradient_boosting,regression,15,
smoke-and-fire,logistic,classification,1,0.8082766181664994
smoke-and-fire,knn,classification,15,0.27240618101545255
smoke-and-fire,gradient_boosting,classification,3,0.7902387150143527
this-week-at-nasa,ridge,regression,15,
this-week-at-nasa,random_forest,regression,15,
this-week-at-nasa,gradient_boosting,regression,15,
this-week-at-nasa,logistic,classification,5,0.7645306772264195
this-week-at-nasa,knn,classification,5,0.2635761589403974
this-week-at-nasa,gradient_boosting,classification,1,0.7710251365572156
